{"cameraMode":{"drawMode":0,"name":"Shaded","section":"Shading Mode"},"sceneLighting":false,"audioPlay":false,"sceneViewState":{"m_AlwaysRefresh":false,"showFog":true,"showSkybox":true,"showFlares":true,"showImageEffects":true,"showParticleSystems":true,"showVisualEffectGraphs":true,"m_FxEnabled":true},"in2DMode":false,"pivot":{"x":-0.09691452980041504,"y":0.5768029689788818,"z":-0.14291033148765565},"rotation":{"x":0.07043418288230896,"y":-0.8322471976280212,"z":0.10871326923370362,"w":0.539084792137146},"size":0.534832775592804,"orthographic":false}