{"cameraMode":{"drawMode":0,"name":"Shaded","section":"Shading Mode"},"sceneLighting":false,"audioPlay":false,"sceneViewState":{"m_AlwaysRefresh":false,"showFog":true,"showSkybox":true,"showFlares":true,"showImageEffects":true,"showParticleSystems":true,"showVisualEffectGraphs":true,"m_FxEnabled":true},"in2DMode":false,"pivot":{"x":0.22939276695251466,"y":1.330411434173584,"z":4.073258399963379},"rotation":{"x":0.00005043099372414872,"y":-0.9862709045410156,"z":0.16513822972774507,"w":0.0002913256175816059},"size":0.8660253882408142,"orthographic":false}