{"cameraMode":{"drawMode":0,"name":"Shaded","section":"Shading Mode"},"sceneLighting":false,"audioPlay":false,"sceneViewState":{"m_AlwaysRefresh":false,"showFog":true,"showSkybox":true,"showFlares":true,"showImageEffects":true,"showParticleSystems":true,"showVisualEffectGraphs":true,"m_FxEnabled":true},"in2DMode":false,"pivot":{"x":0.5102375149726868,"y":0.26380419731140139,"z":-2.3154120445251467},"rotation":{"x":0.00029007039847783744,"y":0.9979125261306763,"z":-0.0644548088312149,"w":0.004490599036216736},"size":0.36516717076301577,"orthographic":false}