{"cameraMode":{"drawMode":0,"name":"Shaded","section":"Shading Mode"},"sceneLighting":false,"audioPlay":false,"sceneViewState":{"m_AlwaysRefresh":false,"showFog":true,"showSkybox":true,"showFlares":true,"showImageEffects":true,"showParticleSystems":true,"showVisualEffectGraphs":true,"m_FxEnabled":true},"in2DMode":false,"pivot":{"x":-0.4891636073589325,"y":0.9091987609863281,"z":-4.2432074546813969},"rotation":{"x":0.08296401798725128,"y":0.08956636488437653,"z":-0.007487674243748188,"w":0.9924941658973694},"size":0.0001182445339509286,"orthographic":false}