{"cameraMode":{"drawMode":0,"name":"Shaded","section":"Shading Mode"},"sceneLighting":false,"audioPlay":false,"sceneViewState":{"m_AlwaysRefresh":false,"showFog":true,"showSkybox":true,"showFlares":true,"showImageEffects":true,"showParticleSystems":true,"showVisualEffectGraphs":true,"m_FxEnabled":true},"in2DMode":false,"pivot":{"x":2.036558151245117,"y":0.19279268383979798,"z":0.2858258783817291},"rotation":{"x":0.05791207030415535,"y":0.5239514112472534,"z":0.03573517128825188,"w":-0.8490349650382996},"size":0.5505988001823425,"orthographic":false}