{"cameraMode":{"drawMode":0,"name":"Shaded","section":"Shading Mode"},"sceneLighting":false,"audioPlay":false,"sceneViewState":{"m_AlwaysRefresh":false,"showFog":true,"showSkybox":true,"showFlares":true,"showImageEffects":true,"showParticleSystems":true,"showVisualEffectGraphs":true,"m_FxEnabled":true},"in2DMode":false,"pivot":{"x":-0.139693021774292,"y":0.5417435169219971,"z":0.05257987976074219},"rotation":{"x":0.3060153126716614,"y":0.047100212424993518,"z":-0.01516011543571949,"w":0.9507399797439575},"size":0.8660253286361694,"orthographic":false}